Time,Error,PID_Output,PWM_Left,PWM_Right
165047,-4.00,-140.00,0,180
165068,-4.00,-140.00,0,180
165089,-4.00,-140.00,0,180
165110,-4.00,-140.00,0,180
165131,-4.00,-140.00,0,180
165152,-1.00,-35.00,105,175
165173,0.00,20.00,160,120
165194,0.00,0.00,140,140
165215,0.00,0.00,140,140
165236,0.00,0.00,140,140
165257,1.00,55.00,180,85
165278,1.00,35.00,175,105
165299,1.00,35.00,175,105
165320,1.00,35.00,175,105
165341,1.00,35.00,175,105
165362,1.00,35.00,175,105
165383,1.00,35.00,175,105
165404,1.00,35.00,175,105
165425,1.00,35.00,175,105
165446,1.00,35.00,175,105
165467,1.00,35.00,175,105
165488,0.00,-20.00,120,160
165509,0.00,0.00,140,140
165530,0.00,0.00,140,140
165551,-1.00,-35.00,105,175
165572,-1.00,-35.00,105,175
165593,-1.00,-35.00,105,175
165614,-1.00,-35.00,105,175
165635,-4.00,-140.00,0,180
165656,-4.00,-140.00,0,180
165677,-4.00,-140.00,0,180
165698,-4.00,-140.00,0,180
165719,-4.00,-140.00,0,180
165740,-1.00,-35.00,105,175
165761,-1.00,-35.00,105,175
165782,0.00,20.00,160,120
165803,0.00,0.00,140,140
165824,1.00,55.00,180,85
165845,1.00,35.00,175,105
165866,1.00,35.00,175,105
165887,1.00,35.00,175,105
165908,1.00,35.00,175,105
165929,1.00,35.00,175,105
165950,1.00,35.00,175,105
165971,1.00,35.00,175,105
165992,1.00,35.00,175,105
166013,1.00,35.00,175,105
166034,3.00,105.00,180,35
166055,3.00,105.00,180,35
166076,3.00,105.00,180,35
166097,3.00,105.00,180,35
166118,3.00,105.00,180,35
166139,3.00,105.00,180,35
166160,3.00,105.00,180,35
166181,3.00,105.00,180,35
166202,3.00,105.00,180,35
166223,3.00,105.00,180,35
166244,3.00,105.00,180,35
166265,3.00,105.00,180,35
166286,3.00,105.00,180,35
166307,3.00,105.00,180,35
166328,3.00,105.00,180,35
166349,3.00,105.00,180,35
166370,3.00,105.00,180,35
166391,3.00,105.00,180,35
166412,3.00,105.00,180,35
166433,3.00,105.00,180,35
166454,3.00,105.00,180,35
166475,3.00,105.00,180,35
166496,3.00,105.00,180,35
166517,3.00,105.00,180,35
166538,3.00,105.00,180,35
166559,3.00,105.00,180,35
166580,3.00,105.00,180,35
166601,3.00,105.00,180,35
166622,3.00,105.00,180,35
166643,3.00,105.00,180,35
166664,3.00,105.00,180,35
166685,3.00,105.00,180,35
166706,3.00,105.00,180,35
166727,3.00,105.00,180,35
166748,3.00,105.00,180,35
166769,3.00,105.00,180,35
166790,3.00,105.00,180,35
166811,3.00,105.00,180,35
166832,3.00,105.00,180,35
166853,3.00,105.00,180,35
166874,1.00,-5.00,135,145
166895,1.00,35.00,175,105
166916,-1.00,-75.00,65,180
166937,-4.00,-200.00,0,180
166958,-3.00,-105.00,35,180
166979,-3.00,-105.00,35,180
167000,-3.00,-105.00,35,180
167021,-3.00,-105.00,35,180
167042,-3.00,-105.00,35,180
167063,-3.00,-105.00,35,180
167084,-3.00,-105.00,35,180
167105,-3.00,-105.00,35,180
167126,-3.00,-105.00,35,180
167147,-3.00,-105.00,35,180
167168,-3.00,-105.00,35,180
167189,-3.00,-105.00,35,180
167210,-3.00,-105.00,35,180
167231,-3.00,-105.00,35,180
167252,-3.00,-105.00,35,180
167273,-3.00,-105.00,35,180
167294,-3.00,-105.00,35,180
167315,-3.00,-105.00,35,180
167336,-3.00,-105.00,35,180
167357,-3.00,-105.00,35,180
167378,-3.00,-105.00,35,180
167399,-3.00,-105.00,35,180
167420,-3.00,-105.00,35,180
167441,-3.00,-105.00,35,180
167462,-3.00,-105.00,35,180
167483,-3.00,-105.00,35,180
167504,-3.00,-105.00,35,180
167525,-3.00,-105.00,35,180
167546,-3.00,-105.00,35,180
167567,-3.00,-105.00,35,180
167588,-3.00,-105.00,35,180
167609,-3.00,-105.00,35,180
167630,-3.00,-105.00,35,180
167651,-3.00,-105.00,35,180
167672,-3.00,-105.00,35,180
167693,-3.00,-105.00,35,180
167714,-3.00,-105.00,35,180
167735,-4.00,-140.00,0,180
167756,-1.00,25.00,165,115
167777,0.00,0.00,140,140
167798,1.00,35.00,175,105
167819,1.00,35.00,175,105
167840,3.00,145.00,180,0
167861,3.00,105.00,180,35
167882,3.00,105.00,180,35
167903,3.00,105.00,180,35
167924,3.00,105.00,180,35
167945,3.00,105.00,180,35
167966,3.00,105.00,180,35
167987,3.00,105.00,180,35
168008,3.00,105.00,180,35
168029,3.00,105.00,180,35
168050,3.00,105.00,180,35
168071,3.00,105.00,180,35
168092,3.00,105.00,180,35
168113,3.00,105.00,180,35
168134,3.00,105.00,180,35
168155,3.00,105.00,180,35
168176,3.00,105.00,180,35
168197,1.00,35.00,175,105
168218,1.00,35.00,175,105
168239,1.00,35.00,175,105
168260,-1.00,-75.00,65,180
168281,-1.00,-35.00,105,175
168302,-4.00,-200.00,0,180
168323,-4.00,-140.00,0,180
168344,-3.00,-105.00,35,180
168365,-3.00,-105.00,35,180
168386,-3.00,-105.00,35,180
168407,-3.00,-105.00,35,180
168428,-3.00,-105.00,35,180
168449,-3.00,-105.00,35,180
168470,-3.00,-105.00,35,180
168491,-3.00,-105.00,35,180
168512,-3.00,-105.00,35,180
168533,-3.00,-105.00,35,180
168554,-3.00,-105.00,35,180
168575,-3.00,-105.00,35,180
168596,-3.00,-105.00,35,180
168617,-3.00,-105.00,35,180
168638,-3.00,-105.00,35,180
168659,-4.00,-140.00,0,180
168680,-4.00,-140.00,0,180
168701,-1.00,-35.00,105,175
168722,-1.00,-35.00,105,175
168743,1.00,55.00,180,85
168764,1.00,35.00,175,105
168785,1.00,35.00,175,105
168806,1.00,35.00,175,105
168827,1.00,35.00,175,105
168848,1.00,35.00,175,105
168869,1.00,35.00,175,105
168890,1.00,35.00,175,105
168911,1.00,35.00,175,105
168932,1.00,35.00,175,105
168953,1.00,35.00,175,105
168974,1.00,35.00,175,105
168995,3.00,145.00,180,0
169016,3.00,105.00,180,35
169037,3.00,105.00,180,35
169058,1.00,35.00,175,105
169079,1.00,35.00,175,105
169100,1.00,35.00,175,105
169121,1.00,35.00,175,105
169142,1.00,35.00,175,105
169163,1.00,35.00,175,105
169184,1.00,35.00,175,105
169205,1.00,35.00,175,105
169226,-1.00,-55.00,85,180
169247,-1.00,-35.00,105,175
169268,-1.00,-35.00,105,175
169289,-1.00,-35.00,105,175
169310,-3.00,-85.00,55,180
169331,-3.00,-105.00,35,180
169352,-3.00,-105.00,35,180
169373,0.00,0.00,140,140
169394,1.00,55.00,180,85
169415,4.00,200.00,180,0
169436,3.00,85.00,180,55
169457,3.00,105.00,180,35
169478,3.00,105.00,180,35
169499,3.00,105.00,180,35
169520,3.00,105.00,180,35
169541,3.00,105.00,180,35
169562,3.00,105.00,180,35
169583,3.00,105.00,180,35
169604,3.00,105.00,180,35
169625,3.00,105.00,180,35
169646,3.00,105.00,180,35
169667,3.00,105.00,180,35
169688,3.00,105.00,180,35
169709,3.00,105.00,180,35
169730,3.00,105.00,180,35
169751,3.00,105.00,180,35
169772,3.00,105.00,180,35
169793,3.00,105.00,180,35
169814,3.00,105.00,180,35
169835,3.00,105.00,180,35
169856,3.00,105.00,180,35
169877,3.00,105.00,180,35
169898,3.00,105.00,180,35
169919,3.00,105.00,180,35
169940,3.00,105.00,180,35
169961,3.00,105.00,180,35
169982,1.00,35.00,175,105
170003,1.00,35.00,175,105
170024,0.00,-20.00,120,160
170045,-1.00,-35.00,105,175
170066,-4.00,-140.00,0,180
170087,-3.00,-85.00,55,180
170108,-3.00,-105.00,35,180
170129,-3.00,-105.00,35,180
170150,-3.00,-105.00,35,180
170171,-3.00,-105.00,35,180
170192,-3.00,-105.00,35,180
170213,-3.00,-105.00,35,180
170234,-3.00,-105.00,35,180
170255,-3.00,-105.00,35,180
170276,-3.00,-105.00,35,180
170297,-3.00,-105.00,35,180
170318,-3.00,-105.00,35,180
170339,-3.00,-105.00,35,180
170360,-3.00,-105.00,35,180
170381,-3.00,-105.00,35,180
170402,-3.00,-105.00,35,180
170423,-3.00,-105.00,35,180
170444,-3.00,-105.00,35,180
170465,-3.00,-105.00,35,180
170486,-3.00,-105.00,35,180
170507,-4.00,-160.00,0,180
170528,-4.00,-140.00,0,180
170549,-4.00,-140.00,0,180
170570,-1.00,-35.00,105,175
170591,0.00,0.00,140,140
170612,1.00,35.00,175,105
170633,1.00,35.00,175,105
170654,1.00,35.00,175,105
170675,1.00,35.00,175,105
170696,4.00,140.00,180,0
170717,3.00,105.00,180,35
170738,3.00,105.00,180,35
170759,3.00,105.00,180,35
170780,3.00,105.00,180,35
170801,3.00,105.00,180,35
170822,3.00,105.00,180,35
170843,3.00,105.00,180,35
170864,3.00,105.00,180,35
170885,3.00,105.00,180,35
170906,3.00,105.00,180,35
170927,3.00,105.00,180,35
170948,3.00,105.00,180,35
170969,3.00,105.00,180,35
170990,3.00,105.00,180,35
171011,3.00,105.00,180,35
171032,3.00,105.00,180,35
171053,3.00,105.00,180,35
171074,3.00,105.00,180,35
171095,3.00,105.00,180,35
171116,3.00,105.00,180,35
171137,3.00,105.00,180,35
171158,3.00,105.00,180,35
171179,3.00,105.00,180,35
171200,3.00,105.00,180,35
171221,3.00,105.00,180,35
171242,3.00,105.00,180,35
171263,3.00,105.00,180,35
171284,3.00,105.00,180,35
171305,3.00,105.00,180,35
171326,3.00,105.00,180,35
171347,3.00,105.00,180,35
171368,3.00,105.00,180,35
171389,1.00,35.00,175,105
171410,1.00,35.00,175,105
171431,0.00,-20.00,120,160
171452,-1.00,-35.00,105,175
171473,-4.00,-140.00,0,180
171494,-3.00,-85.00,55,180
171515,-3.00,-105.00,35,180
171536,-3.00,-105.00,35,180
171557,-3.00,-105.00,35,180
171578,-3.00,-105.00,35,180
171599,-3.00,-105.00,35,180
171620,-3.00,-105.00,35,180
171641,-3.00,-105.00,35,180
171662,-3.00,-105.00,35,180
171683,-3.00,-105.00,35,180
171704,-3.00,-105.00,35,180
171725,-3.00,-105.00,35,180
171746,-3.00,-105.00,35,180
171767,-3.00,-105.00,35,180
171788,-3.00,-105.00,35,180
171809,-3.00,-105.00,35,180
171830,-3.00,-105.00,35,180
171851,-3.00,-105.00,35,180
171872,-3.00,-105.00,35,180
171893,-3.00,-105.00,35,180
171914,-4.00,-140.00,0,180
171935,-4.00,-140.00,0,180
171956,-1.00,-35.00,105,175
171977,0.00,0.00,140,140
171998,1.00,55.00,180,85
172019,1.00,35.00,175,105
172040,1.00,35.00,175,105
172061,1.00,35.00,175,105
172082,1.00,35.00,175,105
172103,4.00,200.00,180,0
172124,3.00,105.00,180,35
172145,3.00,105.00,180,35
172166,3.00,105.00,180,35
172187,3.00,105.00,180,35
172208,3.00,105.00,180,35
172229,3.00,105.00,180,35
172250,1.00,-5.00,135,145
172271,1.00,35.00,175,105
172292,1.00,35.00,175,105
172313,1.00,35.00,175,105
172334,1.00,35.00,175,105
172355,1.00,35.00,175,105
172376,0.00,-20.00,120,160
172397,-1.00,-35.00,105,175
172418,-1.00,-35.00,105,175
172439,-1.00,-35.00,105,175
172460,-4.00,-140.00,0,180
172481,-4.00,-140.00,0,180
172502,-3.00,-85.00,55,180
172523,-3.00,-105.00,35,180
172544,-3.00,-105.00,35,180
172565,-3.00,-105.00,35,180
172586,-3.00,-105.00,35,180
172607,-4.00,-140.00,0,180
172628,-4.00,-140.00,0,180
172649,-4.00,-140.00,0,180
172670,-4.00,-140.00,0,180
172691,-1.00,25.00,165,115
172712,0.00,0.00,140,140
172733,0.00,0.00,140,140
172754,1.00,35.00,175,105
172775,1.00,35.00,175,105
172796,1.00,35.00,175,105
172817,1.00,35.00,175,105
172838,3.00,105.00,180,35
172859,3.00,105.00,180,35
172880,3.00,105.00,180,35
172901,3.00,105.00,180,35
172922,3.00,105.00,180,35
172943,3.00,105.00,180,35
172964,3.00,105.00,180,35
172985,3.00,105.00,180,35
173006,3.00,105.00,180,35
173027,3.00,105.00,180,35
173048,3.00,105.00,180,35
173069,3.00,105.00,180,35
173090,3.00,105.00,180,35
173111,3.00,105.00,180,35
173132,1.00,-25.00,115,165
173153,1.00,35.00,175,105
173174,1.00,35.00,175,105
173195,1.00,35.00,175,105
173216,0.00,0.00,140,140
173237,0.00,0.00,140,140
173258,-1.00,-55.00,85,180
173279,-1.00,-35.00,105,175
173300,-4.00,-200.00,0,180
173321,-4.00,-140.00,0,180
173342,-4.00,-140.00,0,180
173363,-4.00,-140.00,0,180
173384,-4.00,-140.00,0,180
173405,-4.00,-140.00,0,180
173426,-4.00,-140.00,0,180
173447,-1.00,-35.00,105,175
173468,-1.00,-35.00,105,175
173489,0.00,0.00,140,140
173510,0.00,0.00,140,140
173531,0.00,0.00,140,140
173552,0.00,0.00,140,140
173573,1.00,35.00,175,105
173594,1.00,35.00,175,105
173615,1.00,35.00,175,105
173636,1.00,35.00,175,105
173657,1.00,35.00,175,105
173678,1.00,35.00,175,105
173699,1.00,35.00,175,105
173720,1.00,35.00,175,105
173741,1.00,35.00,175,105
173762,1.00,35.00,175,105
173783,0.00,-20.00,120,160
173804,0.00,0.00,140,140
173825,-1.00,-35.00,105,175
173846,-1.00,-35.00,105,175
173867,-1.00,-35.00,105,175
173888,-1.00,-35.00,105,175
173909,-1.00,-35.00,105,175
173930,-1.00,-35.00,105,175
173951,-1.00,-35.00,105,175
173972,-1.00,-35.00,105,175
173993,-4.00,-140.00,0,180
174014,-1.00,25.00,165,115
174035,-1.00,-35.00,105,175
174056,-1.00,-35.00,105,175
174077,-1.00,-35.00,105,175
174098,0.00,20.00,160,120
174119,0.00,0.00,140,140
174140,0.00,0.00,140,140
174161,1.00,35.00,175,105
174182,1.00,35.00,175,105
174203,1.00,35.00,175,105
174224,1.00,35.00,175,105
174245,1.00,35.00,175,105
174266,1.00,35.00,175,105
174287,3.00,145.00,180,0
174308,3.00,105.00,180,35
174329,3.00,105.00,180,35
174350,3.00,105.00,180,35
174371,3.00,105.00,180,35
174392,3.00,105.00,180,35
174413,3.00,105.00,180,35
174434,3.00,105.00,180,35
174455,3.00,105.00,180,35
174476,3.00,105.00,180,35
174497,3.00,105.00,180,35
174518,3.00,105.00,180,35
174539,3.00,105.00,180,35
174560,3.00,105.00,180,35
174581,3.00,105.00,180,35
174602,3.00,105.00,180,35
174623,3.00,105.00,180,35
174644,3.00,105.00,180,35
174665,3.00,105.00,180,35
174686,3.00,105.00,180,35
174707,3.00,105.00,180,35
174728,3.00,105.00,180,35
174749,3.00,105.00,180,35
174770,3.00,105.00,180,35
174791,3.00,105.00,180,35
174812,3.00,105.00,180,35
174833,3.00,105.00,180,35
174854,3.00,105.00,180,35
174875,3.00,105.00,180,35
174896,3.00,105.00,180,35
174917,3.00,105.00,180,35
174938,3.00,105.00,180,35
174959,3.00,105.00,180,35
174980,3.00,105.00,180,35
175001,3.00,105.00,180,35
175022,3.00,105.00,180,35
175043,3.00,105.00,180,35
175064,3.00,105.00,180,35
175085,3.00,105.00,180,35
175106,3.00,105.00,180,35
175127,1.00,35.00,175,105
175148,1.00,35.00,175,105
175169,-1.00,-35.00,105,175
175190,-4.00,-140.00,0,180
175211,-3.00,-105.00,35,180
175232,-3.00,-105.00,35,180
175253,-3.00,-105.00,35,180
175274,-3.00,-105.00,35,180
175295,-3.00,-105.00,35,180
175316,-3.00,-105.00,35,180
175337,-3.00,-105.00,35,180
175358,-3.00,-105.00,35,180
175379,-3.00,-105.00,35,180
175400,-3.00,-105.00,35,180
175421,-3.00,-105.00,35,180
175442,-3.00,-105.00,35,180
175463,-3.00,-105.00,35,180
175484,-3.00,-105.00,35,180
175505,-3.00,-105.00,35,180
175526,-3.00,-105.00,35,180
175547,-3.00,-105.00,35,180
175568,-3.00,-105.00,35,180
175589,-3.00,-105.00,35,180
175610,-3.00,-105.00,35,180
175631,-3.00,-105.00,35,180
175652,-3.00,-105.00,35,180
175673,-3.00,-105.00,35,180
175694,-3.00,-105.00,35,180
175715,-3.00,-105.00,35,180
175736,-3.00,-105.00,35,180
175757,-3.00,-105.00,35,180
175778,-3.00,-105.00,35,180
175799,-3.00,-105.00,35,180
175820,-3.00,-105.00,35,180
175841,-3.00,-105.00,35,180
175862,-3.00,-105.00,35,180
175883,-3.00,-105.00,35,180
175904,-3.00,-105.00,35,180
175925,-4.00,-160.00,0,180
175946,-4.00,-140.00,0,180
175967,0.00,20.00,160,120
175988,1.00,55.00,180,85
176009,1.00,35.00,175,105
176030,1.00,35.00,175,105
176051,3.00,105.00,180,35
176072,3.00,105.00,180,35
176093,3.00,105.00,180,35
176114,3.00,105.00,180,35
176135,3.00,105.00,180,35
176156,3.00,105.00,180,35
176177,3.00,105.00,180,35
176198,3.00,105.00,180,35
176219,3.00,105.00,180,35
176240,3.00,105.00,180,35
176261,3.00,105.00,180,35
176282,3.00,105.00,180,35
176303,3.00,105.00,180,35
176324,3.00,105.00,180,35
176345,3.00,105.00,180,35
176366,3.00,105.00,180,35
176387,1.00,35.00,175,105
176408,1.00,35.00,175,105
176429,1.00,35.00,175,105
176450,-1.00,-75.00,65,180
176471,-1.00,-35.00,105,175
176492,-1.00,-35.00,105,175
176513,-4.00,-140.00,0,180
176534,-3.00,-85.00,55,180
176555,-3.00,-105.00,35,180
176576,-3.00,-105.00,35,180
176597,-3.00,-105.00,35,180
176618,-3.00,-105.00,35,180
176639,-3.00,-105.00,35,180
176660,-3.00,-105.00,35,180
176681,-3.00,-105.00,35,180
176702,-3.00,-105.00,35,180
176723,-3.00,-105.00,35,180
176744,-3.00,-105.00,35,180
176765,-3.00,-105.00,35,180
176786,-3.00,-105.00,35,180
176807,-4.00,-160.00,0,180
176828,-4.00,-140.00,0,180
176849,-1.00,25.00,165,115
176870,-1.00,-35.00,105,175
176891,-1.00,-35.00,105,175
176912,0.00,20.00,160,120
176933,1.00,35.00,175,105
176954,1.00,35.00,175,105
176975,1.00,35.00,175,105
176996,1.00,35.00,175,105
177017,1.00,35.00,175,105
177038,1.00,35.00,175,105
177059,1.00,35.00,175,105
177080,1.00,35.00,175,105
177101,1.00,35.00,175,105
177122,1.00,35.00,175,105
177143,1.00,35.00,175,105
177164,1.00,35.00,175,105
177185,1.00,35.00,175,105
177206,1.00,35.00,175,105
177227,1.00,35.00,175,105
177248,1.00,35.00,175,105
177269,1.00,35.00,175,105
177290,1.00,35.00,175,105
177311,1.00,35.00,175,105
177332,1.00,35.00,175,105
177353,1.00,35.00,175,105
177374,0.00,-20.00,120,160
177395,-1.00,-35.00,105,175
177416,-1.00,-35.00,105,175
177437,-1.00,-35.00,105,175
177458,-1.00,-35.00,105,175
177479,-3.00,-145.00,0,180
177500,-3.00,-105.00,35,180
177521,0.00,0.00,140,140
177542,0.00,0.00,140,140
177563,1.00,35.00,175,105
177584,4.00,200.00,180,0
177605,3.00,105.00,180,35
177626,3.00,105.00,180,35
177647,3.00,105.00,180,35
177668,3.00,105.00,180,35
177689,3.00,105.00,180,35
177710,3.00,105.00,180,35
177731,3.00,105.00,180,35
177752,3.00,105.00,180,35
177773,3.00,105.00,180,35
177794,3.00,105.00,180,35
177815,3.00,105.00,180,35
177836,3.00,105.00,180,35
177857,3.00,105.00,180,35
177878,3.00,105.00,180,35
177899,3.00,105.00,180,35
177920,3.00,105.00,180,35
177941,3.00,105.00,180,35
177962,3.00,105.00,180,35
177983,3.00,105.00,180,35
178004,3.00,105.00,180,35
178025,3.00,105.00,180,35
178046,3.00,105.00,180,35
178067,3.00,105.00,180,35
178088,3.00,105.00,180,35
178109,3.00,105.00,180,35
178130,3.00,105.00,180,35
178151,1.00,35.00,175,105
178172,1.00,35.00,175,105
178193,-1.00,-75.00,65,180
178214,-1.00,-35.00,105,175
178235,-4.00,-140.00,0,180
178256,-3.00,-105.00,35,180
178277,-3.00,-105.00,35,180
178298,-3.00,-105.00,35,180
178319,-3.00,-105.00,35,180
178340,-3.00,-105.00,35,180
178361,-3.00,-105.00,35,180
178382,-3.00,-105.00,35,180
178403,-3.00,-105.00,35,180
178424,-3.00,-105.00,35,180
178445,-3.00,-105.00,35,180
178466,-3.00,-105.00,35,180
178487,-3.00,-105.00,35,180
178508,-3.00,-105.00,35,180
178529,-3.00,-105.00,35,180
178550,-3.00,-105.00,35,180
178571,-3.00,-105.00,35,180
178592,-3.00,-105.00,35,180
178613,-3.00,-105.00,35,180
178634,-3.00,-105.00,35,180
178655,-3.00,-105.00,35,180
178676,-3.00,-105.00,35,180
178697,-3.00,-105.00,35,180
178718,-4.00,-140.00,0,180
178739,-4.00,-140.00,0,180
178760,-1.00,-35.00,105,175
178781,0.00,0.00,140,140
178802,1.00,35.00,175,105
178823,1.00,35.00,175,105
178844,1.00,35.00,175,105
178865,4.00,200.00,180,0
178886,3.00,105.00,180,35
178907,3.00,105.00,180,35
178928,3.00,105.00,180,35
178949,3.00,105.00,180,35
178970,3.00,105.00,180,35
178991,3.00,105.00,180,35
179012,3.00,105.00,180,35
179033,3.00,105.00,180,35
179054,3.00,105.00,180,35
179075,3.00,105.00,180,35
179096,3.00,105.00,180,35
179117,3.00,105.00,180,35
179138,3.00,105.00,180,35
179159,3.00,105.00,180,35
179180,3.00,105.00,180,35
179201,3.00,105.00,180,35
179222,3.00,105.00,180,35
179243,3.00,105.00,180,35
179264,3.00,105.00,180,35
179285,3.00,105.00,180,35
179306,3.00,105.00,180,35
179327,3.00,105.00,180,35
179348,3.00,105.00,180,35
179369,3.00,105.00,180,35
179390,3.00,105.00,180,35
179411,3.00,105.00,180,35
179432,3.00,105.00,180,35
179453,3.00,105.00,180,35
179474,3.00,105.00,180,35
179495,3.00,105.00,180,35
179516,3.00,105.00,180,35
179537,3.00,105.00,180,35
179558,3.00,105.00,180,35
179579,3.00,105.00,180,35
179600,1.00,35.00,175,105
179621,1.00,35.00,175,105
179642,-1.00,-55.00,85,180
179663,-4.00,-200.00,0,180
179684,-3.00,-85.00,55,180
179705,-3.00,-105.00,35,180
179726,-3.00,-105.00,35,180
179747,-3.00,-105.00,35,180
179768,-3.00,-105.00,35,180
179789,-3.00,-105.00,35,180
179810,-3.00,-105.00,35,180
179831,-3.00,-105.00,35,180
179852,-3.00,-105.00,35,180
179873,-3.00,-105.00,35,180
179894,-3.00,-105.00,35,180
179915,-3.00,-105.00,35,180
179936,-3.00,-105.00,35,180
179957,-3.00,-105.00,35,180
179978,-3.00,-105.00,35,180
179999,-3.00,-105.00,35,180
180020,-3.00,-105.00,35,180
180041,-3.00,-105.00,35,180
180062,-3.00,-105.00,35,180
180083,-3.00,-105.00,35,180
180104,-3.00,-105.00,35,180
180125,-3.00,-105.00,35,180
180146,-3.00,-105.00,35,180
180167,-3.00,-105.00,35,180
180188,-4.00,-140.00,0,180
180209,-4.00,-140.00,0,180
180230,-1.00,-35.00,105,175
180251,0.00,0.00,140,140
180272,1.00,35.00,175,105
180293,1.00,35.00,175,105
180314,1.00,35.00,175,105
180335,1.00,35.00,175,105
180356,3.00,145.00,180,0
180377,3.00,105.00,180,35
180398,3.00,105.00,180,35
180419,3.00,105.00,180,35
180440,3.00,105.00,180,35
180461,3.00,105.00,180,35
180482,3.00,105.00,180,35
180503,3.00,105.00,180,35
180524,3.00,105.00,180,35
180545,3.00,105.00,180,35
180566,1.00,35.00,175,105
180587,1.00,35.00,175,105
180608,1.00,35.00,175,105
180629,1.00,35.00,175,105
180650,1.00,35.00,175,105
180671,-1.00,-55.00,85,180
180692,-1.00,-35.00,105,175
180713,-1.00,-35.00,105,175
180734,-4.00,-200.00,0,180
180755,-4.00,-140.00,0,180
180776,-3.00,-85.00,55,180
180797,-3.00,-105.00,35,180
180818,-3.00,-105.00,35,180
180839,-3.00,-105.00,35,180
180860,-3.00,-105.00,35,180
180881,-3.00,-105.00,35,180
180902,-4.00,-160.00,0,180
180923,-4.00,-140.00,0,180
180944,-4.00,-140.00,0,180
180965,-4.00,-140.00,0,180
180986,0.00,0.00,140,140
181007,0.00,0.00,140,140
181028,1.00,35.00,175,105
181049,1.00,35.00,175,105
181070,1.00,35.00,175,105
181091,1.00,35.00,175,105
181112,3.00,105.00,180,35
181133,3.00,105.00,180,35
181154,3.00,105.00,180,35
181175,3.00,105.00,180,35
181196,3.00,105.00,180,35
181217,3.00,105.00,180,35
181238,3.00,105.00,180,35
181259,3.00,105.00,180,35
181280,3.00,105.00,180,35
181301,3.00,105.00,180,35
181322,3.00,105.00,180,35
181343,3.00,105.00,180,35
181364,3.00,105.00,180,35
181385,3.00,105.00,180,35
181406,1.00,35.00,175,105
181427,1.00,35.00,175,105
181448,1.00,35.00,175,105
181469,1.00,35.00,175,105
181490,0.00,0.00,140,140
181511,0.00,0.00,140,140
181532,-1.00,-35.00,105,175
181553,-4.00,-200.00,0,180
181574,-4.00,-140.00,0,180
181595,-4.00,-140.00,0,180
181616,-4.00,-140.00,0,180
181637,-4.00,-140.00,0,180
181658,-4.00,-140.00,0,180
181679,-4.00,-140.00,0,180
181700,-4.00,-140.00,0,180
181721,-1.00,-35.00,105,175
181742,0.00,20.00,160,120
181763,0.00,0.00,140,140
181784,0.00,0.00,140,140
181805,1.00,55.00,180,85
181826,1.00,35.00,175,105
181847,1.00,35.00,175,105
181868,1.00,35.00,175,105
181889,1.00,35.00,175,105
181910,1.00,35.00,175,105
181931,1.00,35.00,175,105
181952,1.00,35.00,175,105
181973,1.00,35.00,175,105
181994,1.00,35.00,175,105
182015,1.00,35.00,175,105
182036,1.00,35.00,175,105
182057,1.00,35.00,175,105
182078,0.00,-20.00,120,160
182099,-1.00,-55.00,85,180
182120,-1.00,-35.00,105,175
182141,-1.00,-35.00,105,175
182162,-1.00,-35.00,105,175
182183,-1.00,-35.00,105,175
182204,-4.00,-200.00,0,180
182225,-4.00,-140.00,0,180
182246,-4.00,-140.00,0,180
182267,-4.00,-140.00,0,180
182288,-4.00,-140.00,0,180
182309,-1.00,25.00,165,115
182330,-1.00,-35.00,105,175
182351,-1.00,-35.00,105,175
182372,0.00,0.00,140,140
182393,0.00,0.00,140,140
182414,1.00,35.00,175,105
182435,1.00,35.00,175,105
182456,1.00,35.00,175,105
182477,1.00,35.00,175,105
182498,1.00,35.00,175,105
182519,1.00,35.00,175,105
182540,1.00,35.00,175,105
182561,1.00,35.00,175,105
182582,1.00,35.00,175,105
182603,3.00,105.00,180,35
182624,3.00,105.00,180,35
182645,3.00,105.00,180,35
182666,3.00,105.00,180,35
182687,3.00,105.00,180,35
182708,3.00,105.00,180,35
182729,3.00,105.00,180,35
182750,3.00,105.00,180,35
182771,3.00,105.00,180,35
182792,3.00,105.00,180,35
182813,3.00,105.00,180,35
182834,3.00,105.00,180,35
182855,3.00,105.00,180,35
182876,3.00,105.00,180,35
182897,3.00,105.00,180,35
182918,3.00,105.00,180,35
182939,3.00,105.00,180,35
182960,3.00,105.00,180,35
182981,3.00,105.00,180,35
183002,3.00,105.00,180,35
183023,3.00,105.00,180,35
183044,3.00,105.00,180,35
183065,3.00,105.00,180,35
183086,3.00,105.00,180,35
183107,3.00,105.00,180,35
183128,3.00,105.00,180,35
183149,3.00,105.00,180,35
183170,3.00,105.00,180,35
183191,3.00,105.00,180,35
183212,3.00,105.00,180,35
183233,3.00,105.00,180,35
183254,3.00,105.00,180,35
183275,3.00,105.00,180,35
183296,3.00,105.00,180,35
183317,3.00,105.00,180,35
183338,3.00,105.00,180,35
183359,3.00,105.00,180,35
183380,3.00,105.00,180,35
183401,3.00,105.00,180,35
183422,4.00,160.00,180,0
183443,1.00,35.00,175,105
183464,-1.00,-75.00,65,180
183485,-1.00,-35.00,105,175
183506,-3.00,-85.00,55,180
183527,-3.00,-105.00,35,180
183548,-3.00,-105.00,35,180
183569,-3.00,-105.00,35,180
183590,-3.00,-105.00,35,180
183611,-3.00,-105.00,35,180
183632,-3.00,-105.00,35,180
183653,-3.00,-105.00,35,180
183674,-3.00,-105.00,35,180
183695,-3.00,-105.00,35,180
183716,-3.00,-105.00,35,180
183737,-3.00,-105.00,35,180
183758,-3.00,-105.00,35,180
183779,-3.00,-105.00,35,180
183800,-3.00,-105.00,35,180
183821,-3.00,-105.00,35,180
183842,-3.00,-105.00,35,180
183863,-3.00,-105.00,35,180
183884,-3.00,-105.00,35,180
183905,-3.00,-105.00,35,180
183926,-3.00,-105.00,35,180
183947,-3.00,-105.00,35,180
183968,-3.00,-105.00,35,180
183989,-3.00,-105.00,35,180
184010,-3.00,-105.00,35,180
184031,-3.00,-105.00,35,180
184052,-3.00,-105.00,35,180
184073,-3.00,-105.00,35,180
184094,-3.00,-105.00,35,180
184115,-3.00,-105.00,35,180
184136,-3.00,-105.00,35,180
184157,-3.00,-105.00,35,180
184178,-3.00,-105.00,35,180
184199,-3.00,-105.00,35,180
184220,-3.00,-105.00,35,180
184241,-3.00,-105.00,35,180
184262,-3.00,-105.00,35,180
184283,-4.00,-140.00,0,180
184304,-1.00,25.00,165,115
184325,0.00,0.00,140,140
184346,1.00,35.00,175,105
184367,1.00,35.00,175,105
184388,3.00,145.00,180,0
184409,3.00,105.00,180,35
184430,3.00,105.00,180,35
184451,3.00,105.00,180,35
184472,3.00,105.00,180,35
184493,3.00,105.00,180,35
184514,3.00,105.00,180,35
184535,3.00,105.00,180,35
184556,3.00,105.00,180,35
184577,3.00,105.00,180,35
184598,3.00,105.00,180,35
184619,3.00,105.00,180,35
184640,3.00,105.00,180,35
184661,3.00,105.00,180,35
184682,3.00,105.00,180,35
184703,3.00,105.00,180,35
184724,1.00,35.00,175,105
184745,1.00,35.00,175,105
184766,1.00,35.00,175,105
184787,0.00,-20.00,120,160
184808,-1.00,-35.00,105,175
184829,-1.00,-35.00,105,175
184850,-4.00,-140.00,0,180
184871,-4.00,-140.00,0,180
184892,-3.00,-105.00,35,180
184913,-3.00,-105.00,35,180
184934,-3.00,-105.00,35,180
184955,-3.00,-105.00,35,180
184976,-3.00,-105.00,35,180
184997,-3.00,-105.00,35,180
185018,-3.00,-105.00,35,180
185039,-3.00,-105.00,35,180
185060,-3.00,-105.00,35,180
185081,-3.00,-105.00,35,180
185102,-3.00,-105.00,35,180
185123,-4.00,-160.00,0,180
185144,-4.00,-140.00,0,180
185165,-4.00,-140.00,0,180
185186,-1.00,-35.00,105,175
185207,-1.00,-35.00,105,175
185228,0.00,20.00,160,120
185249,1.00,35.00,175,105
185270,1.00,35.00,175,105
185291,1.00,35.00,175,105
185312,1.00,35.00,175,105
185333,1.00,35.00,175,105
185354,1.00,35.00,175,105
185375,1.00,35.00,175,105
185396,1.00,35.00,175,105
185417,1.00,35.00,175,105
185438,1.00,35.00,175,105
185459,1.00,35.00,175,105
185480,1.00,35.00,175,105
185501,1.00,35.00,175,105
185522,1.00,35.00,175,105
185543,1.00,35.00,175,105
185564,1.00,35.00,175,105
185585,1.00,35.00,175,105
185606,1.00,35.00,175,105
185627,1.00,35.00,175,105
185648,1.00,35.00,175,105
185669,0.00,0.00,140,140
185690,-1.00,-35.00,105,175
185711,-1.00,-35.00,105,175
185732,-1.00,-35.00,105,175
185753,-1.00,-35.00,105,175
185774,-1.00,-35.00,105,175
185795,-4.00,-200.00,0,180
185816,-3.00,-85.00,55,180
185837,-3.00,-105.00,35,180
185858,0.00,60.00,180,80
185879,0.00,0.00,140,140
185900,1.00,35.00,175,105
185921,3.00,85.00,180,55
185942,3.00,105.00,180,35
185963,3.00,105.00,180,35
185984,3.00,105.00,180,35
186005,3.00,105.00,180,35
186026,3.00,105.00,180,35
186047,3.00,105.00,180,35
186068,3.00,105.00,180,35
186089,3.00,105.00,180,35
186110,3.00,105.00,180,35
186131,3.00,105.00,180,35
186152,3.00,105.00,180,35
186173,3.00,105.00,180,35
186194,3.00,105.00,180,35
186215,3.00,105.00,180,35
186236,3.00,105.00,180,35
186257,3.00,105.00,180,35
186278,3.00,105.00,180,35
186299,3.00,105.00,180,35
186320,3.00,105.00,180,35
186341,3.00,105.00,180,35
186362,3.00,105.00,180,35
186383,3.00,105.00,180,35
186404,3.00,105.00,180,35
186425,3.00,105.00,180,35
186446,3.00,105.00,180,35
186467,3.00,105.00,180,35
186488,3.00,105.00,180,35
186509,1.00,-5.00,135,145
186530,1.00,35.00,175,105
186551,1.00,35.00,175,105
186572,-1.00,-35.00,105,175
186593,-4.00,-200.00,0,180
186614,-3.00,-85.00,55,180
186635,-3.00,-105.00,35,180
186656,-3.00,-105.00,35,180
186677,-3.00,-105.00,35,180
186698,-3.00,-105.00,35,180
186719,-3.00,-105.00,35,180
186740,-3.00,-105.00,35,180
186761,-3.00,-105.00,35,180
186782,-3.00,-105.00,35,180
186803,-3.00,-105.00,35,180
186824,-3.00,-105.00,35,180
186845,-3.00,-105.00,35,180
186866,-3.00,-105.00,35,180
186887,-3.00,-105.00,35,180
186908,-3.00,-105.00,35,180
186929,-3.00,-105.00,35,180
186950,-3.00,-105.00,35,180
186971,-3.00,-105.00,35,180
186992,-3.00,-105.00,35,180
187013,-3.00,-105.00,35,180
187034,-3.00,-105.00,35,180
187055,-3.00,-105.00,35,180
187076,-3.00,-105.00,35,180
187097,-4.00,-140.00,0,180
187118,-4.00,-140.00,0,180
187139,-1.00,-35.00,105,175
187160,0.00,0.00,140,140
187181,1.00,35.00,175,105
187202,1.00,35.00,175,105
187223,1.00,35.00,175,105
187244,4.00,200.00,180,0
187265,3.00,105.00,180,35
187286,3.00,105.00,180,35
187307,3.00,105.00,180,35
187328,3.00,105.00,180,35
187349,3.00,105.00,180,35
187370,3.00,105.00,180,35
187391,3.00,105.00,180,35
187412,3.00,105.00,180,35
187433,3.00,105.00,180,35
187454,3.00,105.00,180,35
187475,3.00,105.00,180,35
187496,3.00,105.00,180,35
187517,3.00,105.00,180,35
187538,3.00,105.00,180,35
187559,3.00,105.00,180,35
187580,3.00,105.00,180,35
187601,3.00,105.00,180,35
187622,3.00,105.00,180,35
187643,3.00,105.00,180,35
187664,3.00,105.00,180,35
187685,3.00,105.00,180,35
187706,3.00,105.00,180,35
187727,3.00,105.00,180,35
187748,3.00,105.00,180,35
187769,3.00,105.00,180,35
187790,3.00,105.00,180,35
187811,3.00,105.00,180,35
187832,3.00,105.00,180,35
187853,3.00,105.00,180,35
187874,3.00,105.00,180,35
187895,3.00,105.00,180,35
187916,3.00,105.00,180,35
187937,3.00,105.00,180,35
187958,3.00,105.00,180,35
187979,3.00,105.00,180,35
188000,1.00,35.00,175,105
188021,1.00,35.00,175,105
188042,-1.00,-55.00,85,180
188063,-4.00,-200.00,0,180
188084,-3.00,-85.00,55,180
188105,-3.00,-105.00,35,180
188126,-3.00,-105.00,35,180
188147,-3.00,-105.00,35,180
188168,-3.00,-105.00,35,180
188189,-3.00,-105.00,35,180
188210,-3.00,-105.00,35,180
188231,-3.00,-105.00,35,180
188252,-3.00,-105.00,35,180
188273,-3.00,-105.00,35,180
188294,-3.00,-105.00,35,180
188315,-3.00,-105.00,35,180
188336,-3.00,-105.00,35,180
188357,-3.00,-105.00,35,180
188378,-3.00,-105.00,35,180
188399,-3.00,-105.00,35,180
188420,-3.00,-105.00,35,180
188441,-3.00,-105.00,35,180
188462,-3.00,-105.00,35,180
188483,-3.00,-105.00,35,180
188504,-3.00,-105.00,35,180
188525,-3.00,-105.00,35,180
188546,-3.00,-105.00,35,180
188567,-3.00,-105.00,35,180
188588,-4.00,-160.00,0,180
188609,-4.00,-140.00,0,180
188630,-1.00,25.00,165,115
188651,0.00,20.00,160,120
188672,1.00,55.00,180,85
188693,1.00,35.00,175,105
188714,1.00,35.00,175,105
188735,1.00,35.00,175,105
188756,3.00,145.00,180,0
188777,3.00,105.00,180,35
188798,3.00,105.00,180,35
188819,3.00,105.00,180,35
188840,3.00,105.00,180,35
188861,3.00,105.00,180,35
188882,3.00,105.00,180,35
188903,3.00,105.00,180,35
188924,3.00,105.00,180,35
188945,3.00,105.00,180,35
188966,1.00,35.00,175,105
188987,1.00,35.00,175,105
189008,1.00,35.00,175,105
189029,1.00,35.00,175,105
189050,1.00,35.00,175,105
189071,-1.00,-55.00,85,180
189092,-1.00,-35.00,105,175
189113,-1.00,-35.00,105,175
189134,-4.00,-140.00,0,180
189155,-4.00,-140.00,0,180
189176,-3.00,-85.00,55,180
189197,-3.00,-105.00,35,180
189218,-3.00,-105.00,35,180
189239,-3.00,-105.00,35,180
189260,-3.00,-105.00,35,180
189281,-3.00,-105.00,35,180
189302,-4.00,-140.00,0,180
189323,-4.00,-140.00,0,180
189344,-4.00,-140.00,0,180
189365,-4.00,-140.00,0,180
189386,0.00,20.00,160,120
189407,0.00,0.00,140,140
189428,1.00,55.00,180,85
189449,1.00,35.00,175,105
189470,1.00,35.00,175,105
189491,1.00,35.00,175,105
189512,3.00,85.00,180,55
189533,3.00,105.00,180,35
189554,3.00,105.00,180,35
189575,3.00,105.00,180,35
189596,3.00,105.00,180,35
189617,3.00,105.00,180,35
189638,3.00,105.00,180,35
189659,3.00,105.00,180,35
189680,3.00,105.00,180,35
189701,3.00,105.00,180,35
189722,3.00,105.00,180,35
189743,3.00,105.00,180,35
189764,3.00,105.00,180,35
189785,3.00,105.00,180,35
189806,1.00,-5.00,135,145
189827,1.00,35.00,175,105
189848,1.00,35.00,175,105
189869,1.00,35.00,175,105
189890,1.00,35.00,175,105
189911,0.00,0.00,140,140
189932,-1.00,-55.00,85,180
189953,-1.00,-35.00,105,175
189974,-1.00,-35.00,105,175
189995,-4.00,-140.00,0,180
190016,-4.00,-140.00,0,180
190037,-4.00,-140.00,0,180
190058,-4.00,-140.00,0,180
190079,-4.00,-140.00,0,180
190100,-4.00,-140.00,0,180
190121,-1.00,25.00,165,115
190142,-1.00,-35.00,105,175
190163,0.00,20.00,160,120
190184,0.00,0.00,140,140
190205,0.00,0.00,140,140
190226,0.00,0.00,140,140
190247,1.00,35.00,175,105
190268,1.00,35.00,175,105
190289,1.00,35.00,175,105
190310,1.00,35.00,175,105
190331,1.00,35.00,175,105
190352,1.00,35.00,175,105
190373,1.00,35.00,175,105
190394,1.00,35.00,175,105
190415,1.00,35.00,175,105
190436,1.00,35.00,175,105
190457,1.00,35.00,175,105
190478,0.00,0.00,140,140
190499,0.00,0.00,140,140
190520,-1.00,-35.00,105,175
190541,-1.00,-35.00,105,175
190562,-1.00,-35.00,105,175
190583,-1.00,-35.00,105,175
190604,-1.00,-35.00,105,175
190625,-4.00,-140.00,0,180
190646,-4.00,-140.00,0,180
190667,-4.00,-140.00,0,180
190688,-4.00,-140.00,0,180
190709,-4.00,-140.00,0,180
190730,-1.00,-35.00,105,175
190751,0.00,20.00,160,120
190772,0.00,0.00,140,140
190793,0.00,0.00,140,140
190814,1.00,35.00,175,105
190835,1.00,35.00,175,105
190856,1.00,35.00,175,105
190877,1.00,35.00,175,105
190898,1.00,35.00,175,105
190919,1.00,35.00,175,105
190940,1.00,35.00,175,105
190961,1.00,35.00,175,105
190982,1.00,35.00,175,105
191003,3.00,105.00,180,35
191024,3.00,105.00,180,35
191045,3.00,105.00,180,35
191066,3.00,105.00,180,35
191087,3.00,105.00,180,35
191108,3.00,105.00,180,35
191129,3.00,105.00,180,35
191150,3.00,105.00,180,35
191171,3.00,105.00,180,35
191192,3.00,105.00,180,35
191213,3.00,105.00,180,35
191234,3.00,105.00,180,35
191255,3.00,105.00,180,35
191276,3.00,105.00,180,35
191297,3.00,105.00,180,35
191318,3.00,105.00,180,35
191339,3.00,105.00,180,35
191360,3.00,105.00,180,35
191381,3.00,105.00,180,35
191402,3.00,105.00,180,35
191423,3.00,105.00,180,35
191444,3.00,105.00,180,35
191465,3.00,105.00,180,35
191486,3.00,105.00,180,35
191507,3.00,105.00,180,35
191528,3.00,105.00,180,35
191549,3.00,105.00,180,35
191570,3.00,105.00,180,35
191591,3.00,105.00,180,35
191612,3.00,105.00,180,35
191633,3.00,105.00,180,35
191654,3.00,105.00,180,35
191675,3.00,105.00,180,35
191696,3.00,105.00,180,35
191717,3.00,105.00,180,35
191738,3.00,105.00,180,35
191759,3.00,105.00,180,35
191780,3.00,105.00,180,35
191801,3.00,105.00,180,35
191822,3.00,105.00,180,35
191843,1.00,35.00,175,105
191864,1.00,35.00,175,105
191885,-1.00,-35.00,105,175
191906,-4.00,-140.00,0,180
191927,-3.00,-105.00,35,180
191948,-3.00,-105.00,35,180
191969,-3.00,-105.00,35,180
191990,-3.00,-105.00,35,180
192011,-3.00,-105.00,35,180
192032,-3.00,-105.00,35,180
192053,-3.00,-105.00,35,180
192074,-3.00,-105.00,35,180
192095,-3.00,-105.00,35,180
192116,-3.00,-105.00,35,180
192137,-3.00,-105.00,35,180
192158,-3.00,-105.00,35,180
192179,-3.00,-105.00,35,180
192200,-3.00,-105.00,35,180
192221,-3.00,-105.00,35,180
192242,-3.00,-105.00,35,180
192263,-3.00,-105.00,35,180
192284,-3.00,-105.00,35,180
192305,-3.00,-105.00,35,180
192326,-3.00,-105.00,35,180
192347,-3.00,-105.00,35,180
192368,-3.00,-105.00,35,180
192389,-3.00,-105.00,35,180
192410,-3.00,-105.00,35,180
192431,-3.00,-105.00,35,180
192452,-3.00,-105.00,35,180
192473,-3.00,-105.00,35,180
192494,-3.00,-105.00,35,180
192515,-3.00,-105.00,35,180
192536,-3.00,-105.00,35,180
192557,-3.00,-105.00,35,180
192578,-3.00,-105.00,35,180
192599,-3.00,-105.00,35,180
192620,-3.00,-105.00,35,180
192641,-3.00,-105.00,35,180
192662,-3.00,-105.00,35,180
192683,-4.00,-140.00,0,180
192704,-1.00,-35.00,105,175
192725,0.00,0.00,140,140
192746,1.00,35.00,175,105
192767,1.00,35.00,175,105
192788,3.00,145.00,180,0
192809,3.00,105.00,180,35
192830,3.00,105.00,180,35
192851,3.00,105.00,180,35
192872,3.00,105.00,180,35
192893,3.00,105.00,180,35
192914,3.00,105.00,180,35
192935,3.00,105.00,180,35
192956,3.00,105.00,180,35
192977,3.00,105.00,180,35
192998,3.00,105.00,180,35
193019,3.00,105.00,180,35
193040,3.00,105.00,180,35
193061,3.00,105.00,180,35
193082,3.00,105.00,180,35
193103,3.00,105.00,180,35
193124,1.00,-5.00,135,145
193145,1.00,35.00,175,105
193166,1.00,35.00,175,105
193187,1.00,35.00,175,105
193208,-1.00,-35.00,105,175
193229,-1.00,-35.00,105,175
193250,-4.00,-200.00,0,180
193271,-4.00,-140.00,0,180
193292,-3.00,-105.00,35,180
193313,-3.00,-105.00,35,180
193334,-3.00,-105.00,35,180
193355,-3.00,-105.00,35,180
193376,-3.00,-105.00,35,180
193397,-3.00,-105.00,35,180
193418,-3.00,-105.00,35,180
193439,-3.00,-105.00,35,180
193460,-3.00,-105.00,35,180
193481,-3.00,-105.00,35,180
193502,-3.00,-105.00,35,180
193523,-3.00,-105.00,35,180
193544,-3.00,-105.00,35,180
193565,-4.00,-160.00,0,180
193586,-4.00,-140.00,0,180
193607,-1.00,25.00,165,115
193628,-1.00,-35.00,105,175
193649,-1.00,-35.00,105,175
193670,1.00,55.00,180,85
193691,1.00,35.00,175,105
193712,1.00,35.00,175,105
193733,1.00,35.00,175,105
193754,1.00,35.00,175,105
193775,1.00,35.00,175,105
193796,1.00,35.00,175,105
193817,1.00,35.00,175,105
193838,1.00,35.00,175,105
193859,1.00,35.00,175,105
193880,1.00,35.00,175,105
193901,1.00,35.00,175,105
193922,1.00,35.00,175,105
193943,1.00,35.00,175,105
193964,1.00,35.00,175,105
193985,1.00,35.00,175,105
194006,1.00,35.00,175,105
194027,1.00,35.00,175,105
194048,1.00,35.00,175,105
194069,1.00,35.00,175,105
194090,1.00,35.00,175,105
194111,1.00,35.00,175,105
194132,0.00,-20.00,120,160
194153,-1.00,-35.00,105,175
194174,-1.00,-35.00,105,175
194195,-1.00,-35.00,105,175
194216,-3.00,-145.00,0,180
194237,-3.00,-105.00,35,180
194258,0.00,0.00,140,140
194279,0.00,0.00,140,140
194300,1.00,35.00,175,105
194321,4.00,140.00,180,0
194342,3.00,105.00,180,35
194363,3.00,105.00,180,35
194384,3.00,105.00,180,35
194405,3.00,105.00,180,35
194426,3.00,105.00,180,35
194447,3.00,105.00,180,35
194468,3.00,105.00,180,35
194489,3.00,105.00,180,35
194510,3.00,105.00,180,35
194531,3.00,105.00,180,35
194552,3.00,105.00,180,35
194573,3.00,105.00,180,35
194594,3.00,105.00,180,35
194615,3.00,105.00,180,35
194636,3.00,105.00,180,35
194657,3.00,105.00,180,35
